fold,fpr,tpr,auc
1,0.0,0.0,0.4861111111111111
1,0.0,0.125,0.4861111111111111
1,0.1111111111111111,0.125,0.4861111111111111
1,0.1111111111111111,0.25,0.4861111111111111
1,0.3333333333333333,0.25,0.4861111111111111
1,0.3333333333333333,0.375,0.4861111111111111
1,0.5555555555555556,0.375,0.4861111111111111
1,0.5555555555555556,0.625,0.4861111111111111
1,0.6666666666666666,0.625,0.4861111111111111
1,0.6666666666666666,0.75,0.4861111111111111
1,0.8888888888888888,0.75,0.4861111111111111
1,0.8888888888888888,0.875,0.4861111111111111
1,1.0,0.875,0.4861111111111111
1,1.0,1.0,0.4861111111111111
2,0.0,0.0,0.6458333333333333
2,0.0,0.125,0.6458333333333333
2,0.0,0.5,0.6458333333333333
2,0.5555555555555556,0.5,0.6458333333333333
2,0.5555555555555556,0.75,0.6458333333333333
2,0.6666666666666666,0.75,0.6458333333333333
2,0.7777777777777778,0.875,0.6458333333333333
2,1.0,0.875,0.6458333333333333
2,1.0,1.0,0.6458333333333333
3,0.0,0.0,0.53125
3,0.0,0.125,0.53125
3,0.125,0.125,0.53125
3,0.125,0.375,0.53125
3,0.375,0.375,0.53125
3,0.375,0.5,0.53125
3,0.625,0.5,0.53125
3,0.625,0.75,0.53125
3,0.875,0.75,0.53125
3,0.875,0.875,0.53125
3,1.0,0.875,0.53125
3,1.0,1.0,0.53125
4,0.0,0.0,0.8125
4,0.0,0.25,0.8125
4,0.0,0.5,0.8125
4,0.125,0.5,0.8125
4,0.125,0.75,0.8125
4,0.375,0.75,0.8125
4,0.375,0.875,0.8125
4,0.875,0.875,0.8125
4,0.875,1.0,0.8125
4,1.0,1.0,0.8125
5,0.0,0.0,0.6825396825396826
5,0.0,0.14285714285714285,0.6825396825396826
5,0.0,0.2857142857142857,0.6825396825396826
5,0.1111111111111111,0.2857142857142857,0.6825396825396826
5,0.1111111111111111,0.42857142857142855,0.6825396825396826
5,0.4444444444444444,0.42857142857142855,0.6825396825396826
5,0.4444444444444444,0.7142857142857143,0.6825396825396826
5,0.4444444444444444,0.8571428571428571,0.6825396825396826
5,0.7777777777777778,0.8571428571428571,0.6825396825396826
5,0.7777777777777778,1.0,0.6825396825396826
5,1.0,1.0,0.6825396825396826
