fold,fpr,tpr,auc
1,0.0,0.0,0.5833333333333334
1,0.0,0.125,0.5833333333333334
1,0.0,0.375,0.5833333333333334
1,0.4444444444444444,0.375,0.5833333333333334
1,0.4444444444444444,0.75,0.5833333333333334
1,1.0,0.75,0.5833333333333334
1,1.0,1.0,0.5833333333333334
2,0.0,0.0,0.6319444444444444
2,0.1111111111111111,0.125,0.6319444444444444
2,0.2222222222222222,0.375,0.6319444444444444
2,0.2222222222222222,0.5,0.6319444444444444
2,0.4444444444444444,0.5,0.6319444444444444
2,0.4444444444444444,0.625,0.6319444444444444
2,0.5555555555555556,0.625,0.6319444444444444
2,0.5555555555555556,0.75,0.6319444444444444
2,0.7777777777777778,1.0,0.6319444444444444
2,1.0,1.0,0.6319444444444444
3,0.0,0.0,0.40625
3,0.0,0.125,0.40625
3,0.125,0.125,0.40625
3,0.125,0.25,0.40625
3,0.5,0.25,0.40625
3,0.5,0.5,0.40625
3,0.75,0.5,0.40625
3,0.75,0.625,0.40625
3,0.875,0.625,0.40625
3,0.875,0.75,0.40625
3,1.0,0.75,0.40625
3,1.0,1.0,0.40625
4,0.0,0.0,0.78125
4,0.0,0.125,0.78125
4,0.125,0.125,0.78125
4,0.125,0.5,0.78125
4,0.25,0.5,0.78125
4,0.25,0.625,0.78125
4,0.375,0.625,0.78125
4,0.375,1.0,0.78125
4,1.0,1.0,0.78125
5,0.0,0.0,0.6825396825396826
5,0.0,0.14285714285714285,0.6825396825396826
5,0.0,0.42857142857142855,0.6825396825396826
5,0.3333333333333333,0.42857142857142855,0.6825396825396826
5,0.3333333333333333,0.5714285714285714,0.6825396825396826
5,0.4444444444444444,0.5714285714285714,0.6825396825396826
5,0.4444444444444444,0.8571428571428571,0.6825396825396826
5,1.0,0.8571428571428571,0.6825396825396826
5,1.0,1.0,0.6825396825396826
