fold,fpr,tpr,auc
1,0.0,0.0,0.5833333333333333
1,0.0,0.125,0.5833333333333333
1,0.0,0.375,0.5833333333333333
1,0.1111111111111111,0.375,0.5833333333333333
1,0.1111111111111111,0.5,0.5833333333333333
1,0.5555555555555556,0.5,0.5833333333333333
1,0.5555555555555556,0.625,0.5833333333333333
1,0.6666666666666666,0.625,0.5833333333333333
1,0.6666666666666666,0.75,0.5833333333333333
1,1.0,0.75,0.5833333333333333
1,1.0,1.0,0.5833333333333333
2,0.0,0.0,0.625
2,0.0,0.125,0.625
2,0.0,0.25,0.625
2,0.2222222222222222,0.25,0.625
2,0.2222222222222222,0.625,0.625
2,0.5555555555555556,0.625,0.625
2,0.5555555555555556,0.75,0.625
2,0.7777777777777778,0.75,0.625
2,0.7777777777777778,0.875,0.625
2,1.0,0.875,0.625
2,1.0,1.0,0.625
3,0.0,0.0,0.4375
3,0.0,0.125,0.4375
3,0.0,0.25,0.4375
3,0.125,0.25,0.4375
3,0.125,0.375,0.4375
3,0.375,0.375,0.4375
3,0.375,0.5,0.4375
3,1.0,0.5,0.4375
3,1.0,1.0,0.4375
4,0.0,0.0,0.890625
4,0.0,0.125,0.890625
4,0.0,0.25,0.890625
4,0.125,0.25,0.890625
4,0.125,0.875,0.890625
4,0.25,0.875,0.890625
4,0.25,1.0,0.890625
4,1.0,1.0,0.890625
5,0.0,0.0,0.6666666666666667
5,0.0,0.14285714285714285,0.6666666666666667
5,0.0,0.42857142857142855,0.6666666666666667
5,0.2222222222222222,0.42857142857142855,0.6666666666666667
5,0.2222222222222222,0.5714285714285714,0.6666666666666667
5,0.4444444444444444,0.5714285714285714,0.6666666666666667
5,0.4444444444444444,0.7142857142857143,0.6666666666666667
5,0.7777777777777778,0.7142857142857143,0.6666666666666667
5,0.7777777777777778,0.8571428571428571,0.6666666666666667
5,0.8888888888888888,0.8571428571428571,0.6666666666666667
5,0.8888888888888888,1.0,0.6666666666666667
5,1.0,1.0,0.6666666666666667
