fold,fpr,tpr,auc
1,0.0,0.0,0.6041666666666667
1,0.0,0.125,0.6041666666666667
1,0.0,0.375,0.6041666666666667
1,0.2222222222222222,0.375,0.6041666666666667
1,0.2222222222222222,0.5,0.6041666666666667
1,0.4444444444444444,0.5,0.6041666666666667
1,0.4444444444444444,0.625,0.6041666666666667
1,0.7777777777777778,0.625,0.6041666666666667
1,0.7777777777777778,0.75,0.6041666666666667
1,0.8888888888888888,0.875,0.6041666666666667
1,0.8888888888888888,1.0,0.6041666666666667
1,1.0,1.0,0.6041666666666667
2,0.0,0.0,0.638888888888889
2,0.0,0.25,0.638888888888889
2,0.1111111111111111,0.25,0.638888888888889
2,0.1111111111111111,0.375,0.638888888888889
2,0.3333333333333333,0.375,0.638888888888889
2,0.3333333333333333,0.5,0.638888888888889
2,0.4444444444444444,0.5,0.638888888888889
2,0.4444444444444444,0.625,0.638888888888889
2,0.5555555555555556,0.625,0.638888888888889
2,0.5555555555555556,0.875,0.638888888888889
2,0.8888888888888888,0.875,0.638888888888889
2,0.8888888888888888,1.0,0.638888888888889
2,1.0,1.0,0.638888888888889
3,0.0,0.0,0.578125
3,0.0,0.125,0.578125
3,0.125,0.125,0.578125
3,0.125,0.375,0.578125
3,0.25,0.375,0.578125
3,0.25,0.5,0.578125
3,0.625,0.5,0.578125
3,0.625,0.625,0.578125
3,0.75,0.625,0.578125
3,0.75,1.0,0.578125
3,1.0,1.0,0.578125
4,0.0,0.0,0.75
4,0.0,0.25,0.75
4,0.125,0.25,0.75
4,0.125,0.5,0.75
4,0.25,0.5,0.75
4,0.25,0.875,0.75
4,0.5,0.875,0.75
4,0.75,0.875,0.75
4,1.0,0.875,0.75
4,1.0,1.0,0.75
5,0.0,0.0,0.45238095238095244
5,0.1111111111111111,0.0,0.45238095238095244
5,0.2222222222222222,0.0,0.45238095238095244
5,0.2222222222222222,0.14285714285714285,0.45238095238095244
5,0.3333333333333333,0.14285714285714285,0.45238095238095244
5,0.4444444444444444,0.2857142857142857,0.45238095238095244
5,0.4444444444444444,0.7142857142857143,0.45238095238095244
5,0.6666666666666666,0.7142857142857143,0.45238095238095244
5,0.8888888888888888,0.7142857142857143,0.45238095238095244
5,1.0,1.0,0.45238095238095244
