fold,fpr,tpr,auc
1,0.0,0.0,0.5
1,0.0,0.125,0.5
1,0.3333333333333333,0.125,0.5
1,0.3333333333333333,0.25,0.5
1,0.5555555555555556,0.25,0.5
1,0.5555555555555556,0.75,0.5
1,0.6666666666666666,0.75,0.5
1,0.6666666666666666,0.875,0.5
1,0.7777777777777778,0.875,0.5
1,0.7777777777777778,1.0,0.5
1,1.0,1.0,0.5
2,0.0,0.0,0.5208333333333333
2,0.0,0.125,0.5208333333333333
2,0.0,0.25,0.5208333333333333
2,0.1111111111111111,0.25,0.5208333333333333
2,0.1111111111111111,0.375,0.5208333333333333
2,0.3333333333333333,0.375,0.5208333333333333
2,0.3333333333333333,0.5,0.5208333333333333
2,0.4444444444444444,0.5,0.5208333333333333
2,0.6666666666666666,0.5,0.5208333333333333
2,0.7777777777777778,0.625,0.5208333333333333
2,0.7777777777777778,0.75,0.5208333333333333
2,0.8888888888888888,0.75,0.5208333333333333
2,0.8888888888888888,0.875,0.5208333333333333
2,1.0,0.875,0.5208333333333333
2,1.0,1.0,0.5208333333333333
3,0.0,0.0,0.734375
3,0.0,0.125,0.734375
3,0.0,0.375,0.734375
3,0.125,0.375,0.734375
3,0.125,0.5,0.734375
3,0.25,0.5,0.734375
3,0.25,0.75,0.734375
3,0.625,0.75,0.734375
3,0.625,0.875,0.734375
3,0.875,0.875,0.734375
3,0.875,1.0,0.734375
3,1.0,1.0,0.734375
4,0.0,0.0,0.484375
4,0.0,0.125,0.484375
4,0.125,0.125,0.484375
4,0.125,0.375,0.484375
4,0.625,0.375,0.484375
4,0.625,0.75,0.484375
4,1.0,0.75,0.484375
4,1.0,1.0,0.484375
5,0.0,0.0,0.626984126984127
5,0.0,0.14285714285714285,0.626984126984127
5,0.1111111111111111,0.14285714285714285,0.626984126984127
5,0.1111111111111111,0.2857142857142857,0.626984126984127
5,0.2222222222222222,0.2857142857142857,0.626984126984127
5,0.2222222222222222,0.42857142857142855,0.626984126984127
5,0.3333333333333333,0.42857142857142855,0.626984126984127
5,0.3333333333333333,0.7142857142857143,0.626984126984127
5,0.7777777777777778,0.7142857142857143,0.626984126984127
5,0.7777777777777778,0.8571428571428571,0.626984126984127
5,0.8888888888888888,1.0,0.626984126984127
5,1.0,1.0,0.626984126984127
